url,label
http://reddit-reset-rbti.top/reset-rbti,1
http://adobe-secure-hvsn.info/secure-hvsn,1
https://facebook.com/mcxspb,0
https://wikipedia.org/broqeh,0
http://linkedin-confirm-bixj.site/confirm-bixj,1
https://microsoft.com/tjtzcx,0
https://dropbox.com/cyawzr,0
http://github-update-zzij.live/update-zzij,1
https://adobe.com/tyewmt,0
https://adobe.com/ayvbns,0
http://microsoft-confirm-vlxm.support/confirm-vlxm,1
http://dropbox-account-kxrh.info/account-kxrh,1
http://instagram-alert-jgoi.support/alert-jgoi,1
https://facebook.com/omqtkb,0
https://paypal.com/mxklql,0
https://spotify.com/ktyazm,0
https://bing.com/uvivso,0
http://wikipedia-account-cjqc.online/account-cjqc,1
https://facebook.com/juigpb,0
https://github.com/ccughz,0
http://apple-update-qrut.top/update-qrut,1
http://apple-bank-lykr.info/bank-lykr,1
https://paypal.com/bdlxtt,0
https://adobe.com/auirex,0
https://netflix.com/bbrlrh,0
https://zoom.us/hbhycj,0
http://zoom-confirm-ugve.online/confirm-ugve,1
https://cloudflare.com/usrerq,0
http://yahoo-verify-acih.info/verify-acih,1
http://reddit-secure-lqsl.store/secure-lqsl,1
http://stackoverflow-verify-aegs.support/verify-aegs,1
http://cloudflare-reset-cazl.xyz/reset-cazl,1
http://adobe-account-oere.store/account-oere,1
https://facebook.com/gpovgl,0
http://twitter-bank-rcrt.site/bank-rcrt,1
https://twitter.com/acvmhg,0
https://intel.com/gvyxqq,0
https://facebook.com/jllpus,0
http://github-reset-ndft.support/reset-ndft,1
https://adobe.com/atayhn,0
http://amazon-update-kdig.support/update-kdig,1
https://spotify.com/slzitq,0
http://bing-secure-wkxq.site/secure-wkxq,1
https://google.com/jvpjph,0
https://spotify.com/mxdwvx,0
http://twitter-verify-sfba.live/verify-sfba,1
https://reddit.com/igdxsl,0
https://dropbox.com/mzwlsa,0
http://microsoft-reset-ygcq.support/reset-ygcq,1
http://spotify-update-etao.tech/update-etao,1
https://amazon.com/rnzzka,0
http://stackoverflow-secure-bwsl.store/secure-bwsl,1
https://instagram.com/ansqvf,0
http://linkedin-account-syyj.info/account-syyj,1
http://netflix-reset-kbll.xyz/reset-kbll,1
https://facebook.com/xbhfnn,0
https://amazon.com/xpgnbf,0
https://paypal.com/bxxglc,0
http://paypal-alert-fxzh.live/alert-fxzh,1
http://instagram-update-nbzf.live/update-nbzf,1
http://reddit-secure-gzkx.site/secure-gzkx,1
http://zoom-confirm-jgmh.online/confirm-jgmh,1
http://facebook-alert-kqup.xyz/alert-kqup,1
https://google.com/hqwvur,0
https://github.com/mdqvul,0
http://apple-login-blri.site/login-blri,1
http://netflix-bank-wcmp.store/bank-wcmp,1
http://apple-verify-jqqf.tech/verify-jqqf,1
https://instagram.com/zgrauc,0
http://stackoverflow-secure-ghkv.live/secure-ghkv,1
http://google-alert-jfhi.live/alert-jfhi,1
https://intel.com/negwmf,0
https://spotify.com/bgbnsu,0
http://cloudflare-update-akdz.top/update-akdz,1
http://zoom-update-wmfv.xyz/update-wmfv,1
http://reddit-update-nxeo.tech/update-nxeo,1
http://bing-reset-njib.online/reset-njib,1
http://paypal-secure-sgey.store/secure-sgey,1
http://google-confirm-oxdz.online/confirm-oxdz,1
https://yahoo.com/paplsb,0
https://adobe.com/bkjshb,0
https://amazon.com/ednjrv,0
https://reddit.com/asobdu,0
https://wikipedia.org/zexlxh,0
http://stackoverflow-confirm-flvw.top/confirm-flvw,1
https://spotify.com/rrtwjs,0
http://spotify-bank-kmzn.online/bank-kmzn,1
https://amazon.com/darpia,0
https://twitter.com/gzxmry,0
http://spotify-bank-grvt.info/bank-grvt,1
https://microsoft.com/aoqmgs,0
http://instagram-update-mtze.top/update-mtze,1
http://paypal-alert-mcsp.info/alert-mcsp,1
https://linkedin.com/cbumil,0
http://netflix-update-jgwl.live/update-jgwl,1
https://linkedin.com/hsurue,0
http://twitter-confirm-yank.live/confirm-yank,1
http://yahoo-confirm-iore.site/confirm-iore,1
http://zoom-verify-gnam.support/verify-gnam,1
http://stackoverflow-bank-znqu.tech/bank-znqu,1
http://zoom-verify-bpaq.online/verify-bpaq,1
http://paypal-verify-cypt.store/verify-cypt,1
https://spotify.com/syhgzb,0
https://intel.com/lryslu,0
http://adobe-login-rmix.support/login-rmix,1
https://twitter.com/slwadn,0
http://github-verify-umxf.live/verify-umxf,1
http://linkedin-bank-bryq.top/bank-bryq,1
https://dropbox.com/qfndbi,0
http://cloudflare-account-fuzj.live/account-fuzj,1
http://github-reset-jido.store/reset-jido,1
https://amazon.com/oowqhp,0
http://netflix-verify-pxxu.live/verify-pxxu,1
https://wikipedia.org/psrzzk,0
http://twitter-secure-biry.online/secure-biry,1
https://openai.com/mywejy,0
http://apple-confirm-qgzs.support/confirm-qgzs,1
http://paypal-verify-lotj.support/verify-lotj,1
https://google.com/frdmcv,0
https://spotify.com/dkjvou,0
http://twitter-verify-gmwv.site/verify-gmwv,1
https://yahoo.com/hklikz,0
https://dropbox.com/grpjfz,0
https://adobe.com/smznnj,0
https://intel.com/dlvfgc,0
https://spotify.com/swrmye,0
http://openai-confirm-knhk.tech/confirm-knhk,1
https://apple.com/eiuvyc,0
https://wikipedia.org/gwyfuo,0
http://zoom-reset-zwfa.store/reset-zwfa,1
http://facebook-bank-igmi.live/bank-igmi,1
https://wikipedia.org/ikurbg,0
http://adobe-reset-ycyu.support/reset-ycyu,1
https://linkedin.com/aktpve,0
https://amazon.com/tgaecu,0
http://yahoo-confirm-stfy.info/confirm-stfy,1
https://twitter.com/swrvnp,0
http://dropbox-confirm-gyls.top/confirm-gyls,1
https://instagram.com/xvjyfe,0
http://spotify-verify-ucgz.support/verify-ucgz,1
http://bing-login-lqsn.tech/login-lqsn,1
http://google-update-ajnt.online/update-ajnt,1
https://apple.com/ykuytr,0
http://wikipedia-login-bide.support/login-bide,1
https://stackoverflow.com/gmmkdy,0
http://adobe-verify-mtsm.store/verify-mtsm,1
http://dropbox-verify-aycu.xyz/verify-aycu,1
https://stackoverflow.com/dcxxml,0
https://paypal.com/duckbk,0
http://amazon-reset-ukkb.support/reset-ukkb,1
http://yahoo-login-uiyf.xyz/login-uiyf,1
http://zoom-alert-jbap.live/alert-jbap,1
http://reddit-account-wesh.online/account-wesh,1
https://dropbox.com/kkyjgw,0
https://github.com/afpioy,0
https://stackoverflow.com/pxcocg,0
http://linkedin-reset-ztpu.info/reset-ztpu,1
https://dropbox.com/ssbjfl,0
https://stackoverflow.com/ruukxt,0
http://microsoft-update-kquw.online/update-kquw,1
http://apple-bank-rsmz.xyz/bank-rsmz,1
http://stackoverflow-alert-aimw.tech/alert-aimw,1
https://adobe.com/ntnvah,0
http://microsoft-bank-nqxx.live/bank-nqxx,1
http://amazon-reset-tneh.xyz/reset-tneh,1
http://reddit-alert-vjxi.tech/alert-vjxi,1
https://facebook.com/ceknjt,0
http://dropbox-account-zink.online/account-zink,1
http://bing-login-ngyn.tech/login-ngyn,1
https://google.com/fewyvb,0
http://github-reset-imxs.store/reset-imxs,1
http://cloudflare-login-rmof.tech/login-rmof,1
https://instagram.com/lfldja,0
https://yahoo.com/kbsdws,0
http://intel-reset-nolm.tech/reset-nolm,1
http://twitter-verify-pwnw.support/verify-pwnw,1
http://adobe-reset-lmlv.info/reset-lmlv,1
https://google.com/pdwdfc,0
https://microsoft.com/gbjuoj,0
https://reddit.com/gflzwc,0
http://paypal-confirm-zjfj.support/confirm-zjfj,1
http://instagram-bank-fetx.online/bank-fetx,1
http://amazon-secure-zefi.online/secure-zefi,1
https://openai.com/gleryy,0
https://instagram.com/rmgbyq,0
https://linkedin.com/lizxvw,0
http://openai-login-ojvi.info/login-ojvi,1
https://reddit.com/dvxaeg,0
https://wikipedia.org/rjnsuc,0
https://linkedin.com/eqdrcm,0
http://spotify-confirm-tqlr.xyz/confirm-tqlr,1
http://linkedin-login-aoyj.info/login-aoyj,1
https://github.com/hltdcw,0
http://microsoft-alert-ljvn.xyz/alert-ljvn,1
http://github-login-qcbe.support/login-qcbe,1
http://bing-confirm-gbdc.store/confirm-gbdc,1
http://adobe-secure-usrf.tech/secure-usrf,1
http://stackoverflow-login-kdye.store/login-kdye,1
http://microsoft-alert-ueio.site/alert-ueio,1
http://bing-bank-rcov.support/bank-rcov,1
http://github-secure-wnpo.online/secure-wnpo,1
http://amazon-update-xbma.store/update-xbma,1
https://linkedin.com/bhapwi,0
https://google.com/mdntob,0
http://wikipedia-update-esok.top/update-esok,1
https://instagram.com/osqrck,0
http://netflix-account-ykmr.tech/account-ykmr,1
https://stackoverflow.com/iixvkg,0
http://apple-login-kgub.info/login-kgub,1
https://openai.com/sfudij,0
https://spotify.com/zaiahk,0
http://openai-reset-hawl.info/reset-hawl,1
http://cloudflare-alert-ktch.info/alert-ktch,1
http://google-reset-pofi.tech/reset-pofi,1
https://netflix.com/apunqv,0
https://facebook.com/rgusyb,0
https://spotify.com/qkpztg,0
https://google.com/dzsjcn,0
https://intel.com/qjcasf,0
https://google.com/dkgopg,0
https://instagram.com/qlyneq,0
https://google.com/vnqqeu,0
http://netflix-login-wugw.top/login-wugw,1
https://facebook.com/xhqqwe,0
https://netflix.com/ljlzbf,0
https://openai.com/usqqga,0
http://intel-alert-xxec.info/alert-xxec,1
http://twitter-confirm-cswr.tech/confirm-cswr,1
http://yahoo-confirm-wkfq.store/confirm-wkfq,1
https://zoom.us/mvmkcs,0
https://stackoverflow.com/mfwnby,0
https://google.com/hplaxv,0
https://amazon.com/nxjnlg,0
http://apple-verify-zkhf.online/verify-zkhf,1
https://paypal.com/pqbayu,0
https://github.com/rxxngi,0
http://netflix-secure-xcuz.tech/secure-xcuz,1
https://apple.com/xcqqel,0
http://github-secure-onyc.tech/secure-onyc,1
http://openai-confirm-cixz.support/confirm-cixz,1
http://spotify-bank-jhpv.info/bank-jhpv,1
http://instagram-alert-nxge.site/alert-nxge,1
https://google.com/ffhfrw,0
https://instagram.com/zfclfg,0
https://adobe.com/ugaztv,0
http://apple-alert-eggh.store/alert-eggh,1
https://github.com/fkyvbk,0
https://openai.com/phbqvh,0
http://reddit-update-ripx.info/update-ripx,1
http://adobe-login-djkf.site/login-djkf,1
https://stackoverflow.com/nujljg,0
http://dropbox-bank-wwyp.online/bank-wwyp,1
https://openai.com/vhzfkc,0
http://linkedin-account-lozq.live/account-lozq,1
https://microsoft.com/gxqccd,0
https://linkedin.com/jakyuh,0
https://microsoft.com/oznsyp,0
https://linkedin.com/sbjonn,0
https://paypal.com/byejka,0
https://facebook.com/xrcrfn,0
http://microsoft-secure-knei.site/secure-knei,1
http://linkedin-confirm-unkg.online/confirm-unkg,1
https://wikipedia.org/qtdcxe,0
https://wikipedia.org/mcrfqa,0
https://openai.com/ksbctp,0
http://adobe-reset-xter.site/reset-xter,1
https://google.com/djuxux,0
https://intel.com/dqktqe,0
http://spotify-login-iiqq.support/login-iiqq,1
http://spotify-account-xwkj.top/account-xwkj,1
http://twitter-confirm-xpll.tech/confirm-xpll,1
http://instagram-login-hihu.support/login-hihu,1
https://yahoo.com/vqijbv,0
http://intel-login-zgid.store/login-zgid,1
https://bing.com/wjbgew,0
https://microsoft.com/jrzhvs,0
http://cloudflare-login-jyuz.info/login-jyuz,1
https://yahoo.com/idxika,0
http://adobe-update-nhps.online/update-nhps,1
http://wikipedia-secure-edlv.top/secure-edlv,1
https://apple.com/nqwwrw,0
https://github.com/ehbzje,0
http://stackoverflow-secure-qqyg.site/secure-qqyg,1
http://wikipedia-bank-sebu.support/bank-sebu,1
http://amazon-reset-hstc.live/reset-hstc,1
http://github-update-xcfw.live/update-xcfw,1
https://twitter.com/tnmvas,0
http://reddit-verify-debe.store/verify-debe,1
https://apple.com/qjpgfj,0
https://stackoverflow.com/hdoxac,0
https://adobe.com/pzwvaw,0
http://dropbox-account-txwt.site/account-txwt,1
http://reddit-bank-gzlp.top/bank-gzlp,1
http://twitter-confirm-nhon.top/confirm-nhon,1
https://stackoverflow.com/lnrhja,0
http://google-update-gwid.info/update-gwid,1
https://stackoverflow.com/hmdtoi,0
http://yahoo-account-aubz.support/account-aubz,1
http://linkedin-update-tumt.xyz/update-tumt,1
https://google.com/osigdz,0
https://cloudflare.com/teublj,0
https://twitter.com/rptzeh,0
https://stackoverflow.com/ngesnz,0
http://dropbox-bank-xngg.live/bank-xngg,1
https://bing.com/pypwoc,0
https://spotify.com/oehboi,0
http://zoom-confirm-poop.xyz/confirm-poop,1
https://dropbox.com/eaagxs,0
https://amazon.com/uucrjl,0
https://bing.com/wjhite,0
http://microsoft-account-xoio.info/account-xoio,1
https://github.com/fqhzgo,0
http://spotify-account-eahx.support/account-eahx,1
https://google.com/jnslcn,0
https://dropbox.com/sxxbkm,0
http://instagram-login-tjvb.tech/login-tjvb,1
https://google.com/bispve,0
http://dropbox-confirm-iyoe.tech/confirm-iyoe,1
https://yahoo.com/xcbyii,0
https://facebook.com/kneozi,0
https://adobe.com/ykjbwn,0
https://google.com/ufnglk,0
https://facebook.com/gbbmei,0
http://zoom-alert-cfgm.live/alert-cfgm,1
http://openai-alert-kbhr.online/alert-kbhr,1
http://reddit-bank-wfzd.site/bank-wfzd,1
https://instagram.com/grdxtd,0
http://stackoverflow-confirm-mczy.live/confirm-mczy,1
http://spotify-update-foua.online/update-foua,1
https://reddit.com/tuhuwc,0
https://linkedin.com/ohdwhm,0
https://twitter.com/vlwjxj,0
http://apple-confirm-bano.live/confirm-bano,1
http://amazon-confirm-jfei.top/confirm-jfei,1
http://amazon-login-cemy.tech/login-cemy,1
http://dropbox-verify-wlks.tech/verify-wlks,1
http://stackoverflow-login-cjlv.info/login-cjlv,1
https://intel.com/rbjiuu,0
http://linkedin-verify-wkft.tech/verify-wkft,1
https://amazon.com/voqpcz,0
http://intel-verify-dcfy.info/verify-dcfy,1
https://instagram.com/riknvp,0
http://apple-bank-aurk.live/bank-aurk,1
http://microsoft-alert-qnbg.support/alert-qnbg,1
https://linkedin.com/tfhvmb,0
http://intel-confirm-dmwj.tech/confirm-dmwj,1
https://google.com/hdqqhh,0
http://zoom-verify-ynkb.tech/verify-ynkb,1
https://dropbox.com/cwgaqn,0
https://spotify.com/jeappp,0
http://dropbox-update-yjxi.store/update-yjxi,1
http://stackoverflow-verify-xqse.live/verify-xqse,1
http://linkedin-confirm-arsp.xyz/confirm-arsp,1
https://github.com/palbiw,0
https://amazon.com/tglvmd,0
http://openai-login-wyfe.store/login-wyfe,1
https://intel.com/eqydoo,0
http://reddit-update-qubf.live/update-qubf,1
https://wikipedia.org/nkduzh,0
https://paypal.com/kopavu,0
https://stackoverflow.com/hseexk,0
https://github.com/rjjdfz,0
http://wikipedia-verify-luth.top/verify-luth,1
http://yahoo-verify-pnsn.live/verify-pnsn,1
http://microsoft-secure-rcbt.support/secure-rcbt,1
http://zoom-alert-oxqc.support/alert-oxqc,1
http://twitter-bank-ohru.site/bank-ohru,1
https://linkedin.com/uhjrgp,0
https://spotify.com/rwpqag,0
https://openai.com/cjkvqg,0
http://apple-update-dwkl.tech/update-dwkl,1
https://twitter.com/xeekrd,0
http://amazon-account-ebuw.xyz/account-ebuw,1
https://google.com/gmcyvq,0
http://microsoft-bank-ofpf.live/bank-ofpf,1
http://facebook-confirm-jjme.top/confirm-jjme,1
https://yahoo.com/pthajk,0
https://intel.com/khcncb,0
https://spotify.com/ebotsq,0
https://cloudflare.com/eoxtzl,0
https://github.com/tkdipp,0
http://openai-secure-ufsq.site/secure-ufsq,1
https://amazon.com/kfyetg,0
https://bing.com/xixhaa,0
https://openai.com/ucplui,0
http://stackoverflow-update-dkjw.site/update-dkjw,1
https://linkedin.com/xopxwk,0
http://facebook-secure-wtoc.live/secure-wtoc,1
https://paypal.com/qmdkjj,0
https://yahoo.com/mygzxl,0
http://zoom-account-ftbe.store/account-ftbe,1
https://dropbox.com/ykvxmf,0
https://apple.com/xlqind,0
https://intel.com/uejlna,0
http://spotify-confirm-mosp.xyz/confirm-mosp,1
https://zoom.us/nxccbi,0
https://dropbox.com/tjjpoe,0
https://amazon.com/ejgbez,0
https://linkedin.com/yfqrix,0
http://wikipedia-secure-xygd.store/secure-xygd,1
https://stackoverflow.com/aaykhw,0
https://zoom.us/cetylt,0
https://openai.com/fdhdfk,0
http://microsoft-alert-sjil.online/alert-sjil,1
https://facebook.com/mtvcdw,0
https://dropbox.com/mpoccx,0
http://openai-update-iywr.xyz/update-iywr,1
https://intel.com/deuuek,0
https://dropbox.com/mftajr,0
http://paypal-alert-fqcd.site/alert-fqcd,1
http://google-confirm-xego.top/confirm-xego,1
http://zoom-reset-twsm.support/reset-twsm,1
https://zoom.us/iyzqsj,0
http://spotify-account-pjlr.site/account-pjlr,1
http://facebook-update-ewtx.info/update-ewtx,1
http://cloudflare-login-uzff.xyz/login-uzff,1
http://cloudflare-update-jnaj.top/update-jnaj,1
http://apple-alert-brau.xyz/alert-brau,1
http://microsoft-confirm-iksw.online/confirm-iksw,1
http://adobe-login-gols.info/login-gols,1
http://apple-update-rdey.info/update-rdey,1
https://spotify.com/jvywvx,0
http://stackoverflow-update-wvrx.site/update-wvrx,1
https://yahoo.com/gfgldd,0
https://yahoo.com/eoglfu,0
http://openai-alert-erhx.site/alert-erhx,1
http://spotify-secure-wlkn.tech/secure-wlkn,1
https://cloudflare.com/jwykqg,0
https://cloudflare.com/ywnzfu,0
http://apple-alert-zbgx.info/alert-zbgx,1
http://spotify-account-rbem.top/account-rbem,1
http://spotify-secure-wwwr.top/secure-wwwr,1
https://netflix.com/eafxrr,0
https://adobe.com/psmpds,0
http://zoom-bank-ezoc.online/bank-ezoc,1
https://reddit.com/lfzkki,0
https://wikipedia.org/muknrf,0
http://openai-alert-xzll.info/alert-xzll,1
http://cloudflare-alert-wjri.live/alert-wjri,1
https://bing.com/nqlspm,0
https://adobe.com/uzrpwm,0
http://yahoo-login-cnri.site/login-cnri,1
https://amazon.com/zpbold,0
http://facebook-account-euye.support/account-euye,1
http://wikipedia-account-lckg.live/account-lckg,1
http://spotify-bank-gytg.online/bank-gytg,1
https://yahoo.com/flceng,0
https://apple.com/vwjjzx,0
http://zoom-account-zota.support/account-zota,1
http://amazon-reset-kziy.xyz/reset-kziy,1
http://amazon-confirm-fajb.support/confirm-fajb,1
http://adobe-account-eibj.live/account-eibj,1
http://paypal-alert-wajr.xyz/alert-wajr,1
https://adobe.com/qedppw,0
https://google.com/dqqmdd,0
http://github-login-vyga.live/login-vyga,1
https://yahoo.com/ncanvl,0
http://adobe-bank-alek.live/bank-alek,1
https://spotify.com/ieicnc,0
http://bing-account-lzsf.top/account-lzsf,1
https://twitter.com/fbheia,0
http://reddit-reset-hpmh.live/reset-hpmh,1
https://instagram.com/ilosmc,0
http://zoom-update-obkt.support/update-obkt,1
https://cloudflare.com/wucpqd,0
http://apple-confirm-huex.site/confirm-huex,1
http://spotify-account-tlsd.store/account-tlsd,1
http://amazon-verify-ahix.info/verify-ahix,1
http://facebook-account-gcsd.online/account-gcsd,1
http://zoom-confirm-bbyo.support/confirm-bbyo,1
https://paypal.com/eboouq,0
https://github.com/ielopr,0
http://stackoverflow-verify-ntgi.top/verify-ntgi,1
http://stackoverflow-update-efkr.tech/update-efkr,1
https://paypal.com/cwrjau,0
https://amazon.com/lywhwf,0
http://linkedin-login-ssbd.info/login-ssbd,1
http://wikipedia-verify-bgqo.live/verify-bgqo,1
http://facebook-login-xhji.store/login-xhji,1
https://reddit.com/sebuhg,0
http://zoom-login-zdfq.support/login-zdfq,1
https://wikipedia.org/wsegeh,0
http://microsoft-alert-dnbk.live/alert-dnbk,1
https://reddit.com/nawuwx,0
https://stackoverflow.com/tnpvai,0
https://yahoo.com/idrmfa,0
http://reddit-update-itli.site/update-itli,1
http://bing-account-lowh.support/account-lowh,1
http://microsoft-login-inyw.top/login-inyw,1
https://openai.com/oczqso,0
https://wikipedia.org/vktken,0
https://cloudflare.com/uinica,0
http://bing-update-upgp.site/update-upgp,1
http://bing-verify-nzrz.xyz/verify-nzrz,1
https://yahoo.com/ljoqcb,0
http://cloudflare-alert-dicl.site/alert-dicl,1
http://facebook-verify-dqdv.site/verify-dqdv,1
http://facebook-update-hlgd.info/update-hlgd,1
https://dropbox.com/jomorx,0
https://bing.com/fdbtoh,0
https://apple.com/nkeuft,0
http://paypal-alert-nqxb.site/alert-nqxb,1
http://dropbox-verify-pdfo.support/verify-pdfo,1
https://facebook.com/tncneb,0
http://cloudflare-reset-npex.tech/reset-npex,1
http://paypal-update-ezqd.tech/update-ezqd,1
https://twitter.com/flmomb,0
http://bing-account-bmdt.live/account-bmdt,1
https://wikipedia.org/mgcxda,0
https://cloudflare.com/feason,0
http://netflix-alert-sqcz.info/alert-sqcz,1
http://stackoverflow-confirm-vvgp.online/confirm-vvgp,1
https://zoom.us/fdebbp,0
https://spotify.com/ubfxnv,0
http://netflix-secure-tobb.tech/secure-tobb,1
https://google.com/cdmjjn,0
https://dropbox.com/haqehf,0
http://reddit-account-oqfq.store/account-oqfq,1
http://stackoverflow-alert-vgir.online/alert-vgir,1
https://twitter.com/lozhef,0
https://linkedin.com/lvoolz,0
http://adobe-account-jmlm.online/account-jmlm,1
http://stackoverflow-confirm-wbtr.tech/confirm-wbtr,1
https://facebook.com/uixuht,0
http://paypal-verify-hxwq.site/verify-hxwq,1
https://microsoft.com/skwclm,0
http://microsoft-secure-uzoc.tech/secure-uzoc,1
https://dropbox.com/spxlzl,0
http://wikipedia-confirm-hano.online/confirm-hano,1
https://google.com/wdtqwp,0
https://yahoo.com/xpzdet,0
http://yahoo-login-esro.support/login-esro,1
https://adobe.com/wghnvf,0
http://twitter-alert-ggiv.support/alert-ggiv,1
http://linkedin-verify-unfl.support/verify-unfl,1
https://reddit.com/svoiix,0
http://github-bank-edbr.support/bank-edbr,1
http://wikipedia-account-gaih.top/account-gaih,1
http://adobe-reset-gwkd.info/reset-gwkd,1
https://stackoverflow.com/wwsenn,0
https://apple.com/tigzxd,0
http://google-login-ntjt.tech/login-ntjt,1
http://microsoft-account-qtll.store/account-qtll,1
https://reddit.com/nhwrqq,0
http://stackoverflow-update-xdok.xyz/update-xdok,1
https://microsoft.com/zgmkhd,0
http://cloudflare-account-xkav.support/account-xkav,1
http://linkedin-account-kpcw.top/account-kpcw,1
https://microsoft.com/udiupk,0
http://linkedin-reset-uxmz.site/reset-uxmz,1
http://reddit-account-befu.online/account-befu,1
http://reddit-verify-whla.online/verify-whla,1
http://cloudflare-reset-wwwn.online/reset-wwwn,1
http://cloudflare-verify-lepy.support/verify-lepy,1
http://zoom-reset-wbnf.store/reset-wbnf,1
http://bing-update-jnuz.site/update-jnuz,1
http://linkedin-reset-iijj.xyz/reset-iijj,1
http://intel-verify-cahb.support/verify-cahb,1
https://netflix.com/afpzot,0
http://intel-confirm-zujo.online/confirm-zujo,1
http://netflix-update-tlco.tech/update-tlco,1
http://intel-secure-ynmb.top/secure-ynmb,1
http://openai-login-biev.online/login-biev,1
https://google.com/rnprno,0
https://reddit.com/bspwsc,0
https://dropbox.com/eylmwo,0
https://google.com/yhyktb,0
https://github.com/oeiuhn,0
https://yahoo.com/ebdruv,0
http://intel-bank-imyi.xyz/bank-imyi,1
https://openai.com/xpaprw,0
https://bing.com/wcgsbq,0
https://apple.com/ppsisd,0
https://google.com/apqolm,0
https://twitter.com/vfhiyo,0
http://adobe-reset-gfjg.store/reset-gfjg,1
https://github.com/vmwwpz,0
http://paypal-account-euuw.site/account-euuw,1
http://facebook-login-yfeo.tech/login-yfeo,1
http://stackoverflow-bank-qxvb.site/bank-qxvb,1
http://microsoft-account-qymq.support/account-qymq,1
https://netflix.com/kzzakv,0
http://apple-bank-aboz.store/bank-aboz,1
https://twitter.com/xrozzi,0
https://microsoft.com/bndjwd,0
https://spotify.com/zwiger,0
https://intel.com/huvqma,0
https://netflix.com/ikzqvz,0
https://intel.com/dymtdv,0
http://zoom-confirm-pozi.tech/confirm-pozi,1
https://dropbox.com/gqnrwp,0
http://intel-secure-wpzb.xyz/secure-wpzb,1
https://apple.com/vgxtmc,0
https://github.com/ognlmf,0
https://amazon.com/zejjjt,0
http://linkedin-alert-efps.info/alert-efps,1
http://facebook-confirm-eytd.online/confirm-eytd,1
https://paypal.com/daxllr,0
https://cloudflare.com/jxhyqb,0
https://apple.com/goagsp,0
http://microsoft-verify-uwne.xyz/verify-uwne,1
https://paypal.com/jvarsp,0
http://stackoverflow-reset-cqei.xyz/reset-cqei,1
http://dropbox-login-tgjb.tech/login-tgjb,1
http://dropbox-alert-jugp.live/alert-jugp,1
https://openai.com/llvqzf,0
http://netflix-confirm-xkiv.store/confirm-xkiv,1
https://paypal.com/pamhbd,0
https://zoom.us/viqfvv,0
http://intel-reset-mnxb.tech/reset-mnxb,1
http://bing-update-edrq.online/update-edrq,1
https://google.com/fygnza,0
http://google-account-arly.tech/account-arly,1
https://cloudflare.com/vwevbi,0
http://dropbox-alert-aevc.xyz/alert-aevc,1
http://spotify-verify-zaie.online/verify-zaie,1
https://instagram.com/joxsbl,0
http://apple-account-rcdz.site/account-rcdz,1
http://wikipedia-update-xoet.tech/update-xoet,1
http://yahoo-alert-ydzs.tech/alert-ydzs,1
https://bing.com/aumpzs,0
http://openai-secure-kdfb.live/secure-kdfb,1
https://instagram.com/gpjmyw,0
http://microsoft-alert-lusy.online/alert-lusy,1
https://adobe.com/cjmbcx,0
https://adobe.com/qdodhw,0
https://facebook.com/hzkbnf,0
https://yahoo.com/aivkoo,0
http://spotify-account-iyzc.xyz/account-iyzc,1
http://intel-verify-ybtz.tech/verify-ybtz,1
http://google-confirm-pzwj.tech/confirm-pzwj,1
http://intel-account-pvjn.tech/account-pvjn,1
https://openai.com/heykii,0
http://google-secure-ocra.top/secure-ocra,1
http://stackoverflow-alert-yfbw.tech/alert-yfbw,1
http://wikipedia-verify-kzlk.info/verify-kzlk,1
http://cloudflare-update-irad.site/update-irad,1
http://facebook-login-xfzj.online/login-xfzj,1
https://intel.com/zafwcd,0
http://spotify-verify-ybnl.support/verify-ybnl,1
http://zoom-bank-pbli.online/bank-pbli,1
http://adobe-secure-mxpb.info/secure-mxpb,1
https://cloudflare.com/eusjcr,0
http://facebook-confirm-mclh.tech/confirm-mclh,1
https://netflix.com/ukfkqa,0
https://wikipedia.org/ldspso,0
http://microsoft-login-wqqy.support/login-wqqy,1
https://adobe.com/jtklfv,0
https://amazon.com/huorzf,0
https://netflix.com/ldnutz,0
https://zoom.us/qvxjuz,0
https://stackoverflow.com/umdvyy,0
http://paypal-reset-nffq.site/reset-nffq,1
https://netflix.com/ajniiy,0
http://adobe-confirm-nldx.store/confirm-nldx,1
https://openai.com/rmnghg,0
http://google-login-vakf.support/login-vakf,1
https://instagram.com/axzzdt,0
https://stackoverflow.com/fjmqkz,0
https://cloudflare.com/csncuf,0
http://netflix-secure-oybg.site/secure-oybg,1
http://openai-login-hmux.support/login-hmux,1
https://adobe.com/mhmzbm,0
https://yahoo.com/kybcku,0
https://apple.com/mefghf,0
http://intel-bank-xfxu.top/bank-xfxu,1
http://paypal-confirm-hlnb.support/confirm-hlnb,1
https://adobe.com/ztbeaz,0
https://wikipedia.org/dcvjog,0
https://dropbox.com/hphoif,0
http://cloudflare-secure-kevf.info/secure-kevf,1
https://zoom.us/dxales,0
https://facebook.com/lfbthn,0
https://facebook.com/tlnkex,0
http://dropbox-account-ogcx.live/account-ogcx,1
http://dropbox-update-gpeu.live/update-gpeu,1
http://openai-login-gvrs.store/login-gvrs,1
https://twitter.com/geqcza,0
http://yahoo-secure-qlwh.support/secure-qlwh,1
https://reddit.com/lxzxhr,0
https://microsoft.com/euhwep,0
http://paypal-alert-xgvc.info/alert-xgvc,1
http://google-account-oiot.support/account-oiot,1
http://cloudflare-verify-vjzb.live/verify-vjzb,1
https://netflix.com/quwxln,0
https://microsoft.com/ntbmjt,0
https://zoom.us/okdfbl,0
https://microsoft.com/vhoubt,0
https://spotify.com/zrmjfz,0
https://stackoverflow.com/dijoyz,0
https://stackoverflow.com/yvwdir,0
http://yahoo-secure-gjym.online/secure-gjym,1
https://zoom.us/qoirhi,0
https://adobe.com/vdplab,0
http://microsoft-account-tjpj.store/account-tjpj,1
http://bing-bank-ktso.live/bank-ktso,1
http://intel-bank-sbgp.xyz/bank-sbgp,1
https://facebook.com/cjugvc,0
https://dropbox.com/nrnsuu,0
http://spotify-verify-tilj.live/verify-tilj,1
http://apple-reset-ozqp.live/reset-ozqp,1
https://cloudflare.com/mtpuig,0
https://wikipedia.org/snrkij,0
https://instagram.com/ehspzt,0
https://instagram.com/fvcsqz,0
https://reddit.com/dmpgad,0
http://apple-verify-rgtj.live/verify-rgtj,1
http://netflix-alert-uopp.tech/alert-uopp,1
http://openai-reset-fciu.site/reset-fciu,1
https://instagram.com/mkzirg,0
http://netflix-verify-kzzu.online/verify-kzzu,1
http://linkedin-confirm-bsoa.store/confirm-bsoa,1
http://bing-update-fjrn.online/update-fjrn,1
http://instagram-update-nwbz.info/update-nwbz,1
http://reddit-login-wqmp.store/login-wqmp,1
https://netflix.com/epzrik,0
https://linkedin.com/guqdqb,0
http://facebook-confirm-odny.xyz/confirm-odny,1
http://bing-alert-zxjz.live/alert-zxjz,1
http://reddit-login-wfms.tech/login-wfms,1
http://dropbox-verify-sysj.store/verify-sysj,1
https://yahoo.com/uadtkj,0
http://microsoft-login-pnlu.support/login-pnlu,1
https://wikipedia.org/egmdck,0
https://bing.com/vkzogr,0
http://reddit-secure-ilvy.live/secure-ilvy,1
http://wikipedia-alert-ufbt.support/alert-ufbt,1
https://google.com/ucntiz,0
http://github-reset-ahkk.tech/reset-ahkk,1
http://zoom-secure-lefj.live/secure-lefj,1
https://github.com/pinzpl,0
https://intel.com/xgutvm,0
https://google.com/noqzoi,0
https://intel.com/csveua,0
http://bing-confirm-qbik.top/confirm-qbik,1
https://microsoft.com/hdwhbh,0
https://yahoo.com/pqgkxc,0
https://spotify.com/qzmkyw,0
https://google.com/znexqn,0
http://instagram-reset-fycp.xyz/reset-fycp,1
http://spotify-confirm-aevr.info/confirm-aevr,1
